method,citation,s01,s02,s03,s04,s05,s06,s07,s08,s09,average
FBCSP,37,76.00,56.50,81.25,61.00,55.00,45.25,82.75,81.25,70.75,67.75
ConvNet,38,76.39,55.21,89.24,74.65,56.94,54.17,92.71,77.08,76.39,72.53
EEGNet,39,85.76,61.46,88.54,67.01,55.90,52.08,89.58,83.33,86.81,74.50
C2CM,40,87.50,65.28,90.28,66.67,62.50,45.49,89.58,83.33,79.51,74.46
FBCNet,41,85.42,60.42,90.63,76.39,74.31,53.82,84.38,79.51,80.90,76.20
DRDA,42,83.19,55.14,87.43,75.28,62.29,57.15,86.18,83.61,82.00,74.74
Conformer,43,88.19,61.46,93.40,78.13,52.08,65.28,92.36,88.19,88.89,78.66
This study,,89.65,71.69,95.16,86.19,65.09,76.17,89.99,92.40,85.15,83.50
Average accuracy,,84.01,60.90,89.49,73.17,60.51,56.18,88.44,83.59,81.30,
